date,region,product_id,revenue,units_sold,orders,customers
2023-01-02,North,Product A,31596.629999999997,118,38,28
2023-01-02,North,Product B,16479.77,88,29,22
2023-01-02,North,Product C,25956.08,63,20,16
2023-01-02,South,Product A,25321.92,95,31,24
2023-01-02,South,Product B,13802.6,72,24,20
2023-01-02,South,Product C,20867.37,52,16,13
2023-01-09,North,Product A,30507.78,113,37,28
2023-01-09,North,Product B,16104.02,84,26,21
2023-01-09,North,Product C,27572.63,67,21,17
2023-01-09,South,Product A,26555.239999999998,98,32,25
2023-01-09,South,Product B,13224.96,70,23,18
2023-01-09,South,Product C,22958.78,56,17,14
2023-01-16,North,Product A,30280.46,113,36,30
2023-01-16,North,Product B,17041.66,90,29,23
2023-01-16,North,Product C,25786.46,62,20,16
2023-01-16,South,Product A,25511.3,94,31,24
2023-01-16,South,Product B,13889.21,73,24,18
2023-01-16,South,Product C,22098.45,52,17,14
2023-01-23,North,Product A,30302.03,115,37,29
2023-01-23,North,Product B,16703.6,89,30,22
2023-01-23,North,Product C,25908.32,63,20,15
2023-01-23,South,Product A,26636.08,99,32,23
2023-01-23,South,Product B,13510.65,71,24,18
2023-01-23,South,Product C,21945.809999999998,54,17,14
2023-01-30,North,Product A,31847.46,119,39,30
2023-01-30,North,Product B,16898.059999999998,88,29,22
2023-01-30,North,Product C,26165.27,63,21,15
2023-01-30,South,Product A,25384.88,94,30,24
2023-01-30,South,Product B,13105.18,69,22,17
2023-01-30,South,Product C,21382.989999999998,51,17,14
2023-02-06,North,Product A,31271.69,117,38,30
2023-02-06,North,Product B,16951.68,89,29,23
2023-02-06,North,Product C,28044.9,68,22,18
2023-02-06,South,Product A,25344.29,95,29,24
2023-02-06,South,Product B,13773.32,74,23,18
2023-02-06,South,Product C,22027.74,53,17,14
2023-02-13,North,Product A,30667.83,115,36,30
2023-02-13,North,Product B,16213.52,86,28,23
2023-02-13,North,Product C,26577.42,64,22,17
2023-02-13,South,Product A,25769.06,96,30,24
2023-02-13,South,Product B,13184.550000000001,69,22,16
2023-02-13,South,Product C,22313.69,54,17,14
2023-02-20,North,Product A,32419.15,122,40,31
2023-02-20,North,Product B,16198.98,86,28,21
2023-02-20,North,Product C,27813.989999999998,67,21,17
2023-02-20,South,Product A,25768.05,95,31,24
2023-02-20,South,Product B,13704.93,73,23,18
2023-02-20,South,Product C,22515.02,56,18,14
2023-02-27,North,Product A,31643.11,117,39,30
2023-02-27,North,Product B,17114.23,90,29,23
2023-02-27,North,Product C,27573.4,67,22,18
2023-02-27,South,Product A,24936.02,93,30,23
2023-02-27,South,Product B,13712.99,73,23,19
2023-02-27,South,Product C,21606.03,52,17,14
2023-03-06,North,Product A,33593.08,127,40,32
2023-03-06,North,Product B,16580.0,87,29,22
2023-03-06,North,Product C,26299.19,64,21,17
2023-03-06,South,Product A,27269.47,102,33,26
2023-03-06,South,Product B,13613.09,71,23,18
2023-03-06,South,Product C,22861.87,56,18,14
2023-03-13,North,Product A,32367.9,120,39,30
2023-03-13,North,Product B,17268.4,91,29,23
2023-03-13,North,Product C,27243.309999999998,65,21,17
2023-03-13,South,Product A,24849.260000000002,92,30,23
2023-03-13,South,Product B,14050.9,74,23,18
2023-03-13,South,Product C,21566.34,52,18,13
2023-03-20,North,Product A,31651.879999999997,118,38,29
2023-03-20,North,Product B,16008.18,86,27,22
2023-03-20,North,Product C,28455.78,68,22,19
2023-03-20,South,Product A,27547.71,102,33,25
2023-03-20,South,Product B,14311.619999999999,76,24,19
2023-03-20,South,Product C,22498.57,54,17,13
2023-03-27,North,Product A,32554.33,120,39,30
2023-03-27,North,Product B,17370.78,91,30,23
2023-03-27,North,Product C,26403.489999999998,63,21,15
2023-03-27,South,Product A,26676.29,98,33,25
2023-03-27,South,Product B,14074.23,74,24,19
2023-03-27,South,Product C,22639.26,55,18,14
2023-04-03,North,Product A,33157.81,123,39,30
2023-04-03,North,Product B,16246.619999999999,87,27,22
2023-04-03,North,Product C,27614.86,66,22,16
2023-04-03,South,Product A,26715.64,98,32,26
2023-04-03,South,Product B,14810.79,78,25,20
2023-04-03,South,Product C,21915.22,53,17,14
2023-04-10,North,Product A,36106.59,134,43,35
2023-04-10,North,Product B,17790.63,93,30,22
2023-04-10,North,Product C,27494.86,67,22,17
2023-04-10,South,Product A,26337.440000000002,99,32,24
2023-04-10,South,Product B,14219.89,75,24,18
2023-04-10,South,Product C,21696.7,52,16,13
2023-04-17,North,Product A,33226.63,124,40,32
2023-04-17,North,Product B,17369.49,92,29,23
2023-04-17,North,Product C,27507.01,66,21,16
2023-04-17,South,Product A,27055.05,101,33,26
2023-04-17,South,Product B,14461.98,76,24,19
2023-04-17,South,Product C,23925.03,57,19,15
2023-04-24,North,Product A,32451.3,121,39,30
2023-04-24,North,Product B,17928.489999999998,93,30,23
2023-04-24,North,Product C,28986.93,69,22,18
2023-04-24,South,Product A,27518.08,102,34,25
2023-04-24,South,Product B,13854.53,72,23,18
2023-04-24,South,Product C,24008.98,57,19,14
2023-05-01,North,Product A,33378.130000000005,125,40,31
2023-05-01,North,Product B,17563.74,92,29,24
2023-05-01,North,Product C,26921.170000000002,64,22,18
2023-05-01,South,Product A,27006.89,100,32,26
2023-05-01,South,Product B,14409.349999999999,76,25,20
2023-05-01,South,Product C,23113.59,55,18,14
2023-05-08,North,Product A,33186.53,124,40,30
2023-05-08,North,Product B,17192.32,91,29,24
2023-05-08,North,Product C,29233.83,70,23,18
2023-05-08,South,Product A,27587.329999999998,103,33,26
2023-05-08,South,Product B,14838.69,77,26,20
2023-05-08,South,Product C,23619.11,57,18,14
2023-05-15,North,Product A,33293.97,124,40,33
2023-05-15,North,Product B,17021.13,90,30,23
2023-05-15,North,Product C,28240.2,67,22,17
2023-05-15,South,Product A,28618.62,107,34,27
2023-05-15,South,Product B,14367.87,76,24,19
2023-05-15,South,Product C,24743.489999999998,59,19,15
2023-05-22,North,Product A,33165.35,124,40,31
2023-05-22,North,Product B,17580.58,92,30,24
2023-05-22,North,Product C,27867.3,67,22,17
2023-05-22,South,Product A,26994.2,100,32,25
2023-05-22,South,Product B,13569.17,71,23,18
2023-05-22,South,Product C,22446.190000000002,54,17,13
2023-05-29,North,Product A,35522.36,131,43,33
2023-05-29,North,Product B,18104.09,96,31,25
2023-05-29,North,Product C,27884.14,67,21,17
2023-05-29,South,Product A,28490.11,106,34,26
2023-05-29,South,Product B,14343.2,75,24,19
2023-05-29,South,Product C,23592.95,57,18,14
2023-06-05,North,Product A,35313.73,131,43,34
2023-06-05,North,Product B,18454.33,96,32,24
2023-06-05,North,Product C,28713.59,70,22,18
2023-06-05,South,Product A,29192.84,108,35,27
2023-06-05,South,Product B,15223.14,80,27,20
2023-06-05,South,Product C,22693.86,54,17,13
2023-06-12,North,Product A,33403.48,124,41,31
2023-06-12,North,Product B,18115.97,94,31,25
2023-06-12,North,Product C,30767.530000000002,73,25,18
2023-06-12,South,Product A,29090.79,108,35,29
2023-06-12,South,Product B,15484.1,80,25,21
2023-06-12,South,Product C,23191.52,56,18,14
2023-06-19,North,Product A,36038.41,131,42,33
2023-06-19,North,Product B,17051.15,89,30,23
2023-06-19,North,Product C,29256.21,70,23,19
2023-06-19,South,Product A,27985.29,105,34,26
2023-06-19,South,Product B,14918.09,78,26,20
2023-06-19,South,Product C,22069.68,52,18,14
2023-06-26,North,Product A,35115.74,130,42,32
2023-06-26,North,Product B,18762.14,97,31,24
2023-06-26,North,Product C,30785.98,73,24,18
2023-06-26,South,Product A,28445.97,106,34,27
2023-06-26,South,Product B,15035.619999999999,79,27,19
2023-06-26,South,Product C,23369.79,56,19,15
2023-07-03,North,Product A,33398.07,124,40,32
2023-07-03,North,Product B,17483.77,92,30,24
2023-07-03,North,Product C,28217.82,68,22,16
2023-07-03,South,Product A,29258.97,106,35,27
2023-07-03,South,Product B,15134.34,79,25,21
2023-07-03,South,Product C,23654.88,56,19,14
2023-07-10,North,Product A,33907.46,126,41,32
2023-07-10,North,Product B,17841.59,94,30,23
2023-07-10,North,Product C,28791.84,69,22,17
2023-07-10,South,Product A,27700.41,102,33,25
2023-07-10,South,Product B,15403.39,80,26,20
2023-07-10,South,Product C,23366.42,56,18,14
2023-07-17,North,Product A,34847.37,128,42,31
2023-07-17,North,Product B,18623.13,96,30,25
2023-07-17,North,Product C,29835.42,71,23,19
2023-07-17,South,Product A,28564.07,106,35,27
2023-07-17,South,Product B,14540.93,76,25,20
2023-07-17,South,Product C,23734.379999999997,57,19,14
2023-07-24,North,Product A,34940.25,130,42,33
2023-07-24,North,Product B,18726.22,97,32,25
2023-07-24,North,Product C,29084.05,70,23,19
2023-07-24,South,Product A,28985.07,108,35,28
2023-07-24,South,Product B,15126.779999999999,78,25,19
2023-07-24,South,Product C,24664.72,59,20,15
2023-07-31,North,Product A,34334.75,126,41,31
2023-07-31,North,Product B,19023.02,99,32,25
2023-07-31,North,Product C,29863.510000000002,72,23,18
2023-07-31,South,Product A,29103.02,106,35,27
2023-07-31,South,Product B,15565.43,81,26,20
2023-07-31,South,Product C,24215.14,58,19,15
2023-08-07,North,Product A,36867.11,136,44,34
2023-08-07,North,Product B,18472.92,95,31,24
2023-08-07,North,Product C,30311.12,73,23,19
2023-08-07,South,Product A,30057.8,112,35,27
2023-08-07,South,Product B,14438.9,75,25,20
2023-08-07,South,Product C,24992.03,60,20,16
2023-08-14,North,Product A,34536.53,128,42,32
2023-08-14,North,Product B,17367.47,90,29,23
2023-08-14,North,Product C,31261.9,75,25,19
2023-08-14,South,Product A,27304.18,99,32,25
2023-08-14,South,Product B,16181.83,85,26,20
2023-08-14,South,Product C,24750.07,60,19,15
2023-08-21,North,Product A,36266.16,135,43,33
2023-08-21,North,Product B,19113.8,100,33,26
2023-08-21,North,Product C,29020.04,71,22,18
2023-08-21,South,Product A,29475.66,108,36,28
2023-08-21,South,Product B,14985.5,79,26,19
2023-08-21,South,Product C,25723.29,62,19,15
2023-08-28,North,Product A,34427.69,128,42,32
2023-08-28,North,Product B,18321.08,95,31,25
2023-08-28,North,Product C,29429.06,72,22,18
2023-08-28,South,Product A,28785.66,106,35,26
2023-08-28,South,Product B,14918.39,78,27,19
2023-08-28,South,Product C,24753.01,59,19,15
2023-09-04,North,Product A,34090.5,127,41,32
2023-09-04,North,Product B,18608.07,98,31,26
2023-09-04,North,Product C,29317.07,72,22,19
2023-09-04,South,Product A,29437.94,109,35,27
2023-09-04,South,Product B,15251.23,79,25,20
2023-09-04,South,Product C,23478.98,56,19,14
2023-09-11,North,Product A,34922.47,127,42,32
2023-09-11,North,Product B,18509.29,98,32,24
2023-09-11,North,Product C,28425.550000000003,69,22,18
2023-09-11,South,Product A,27366.989999999998,101,33,26
2023-09-11,South,Product B,14825.74,77,25,20
2023-09-11,South,Product C,24315.2,57,19,15
2023-09-18,North,Product A,35411.75,131,42,32
2023-09-18,North,Product B,17977.41,93,30,24
2023-09-18,North,Product C,29157.920000000002,69,22,18
2023-09-18,South,Product A,26957.97,99,32,25
2023-09-18,South,Product B,15369.14,80,27,20
2023-09-18,South,Product C,23181.58,56,18,14
2023-09-25,North,Product A,35066.63,130,42,33
2023-09-25,North,Product B,19159.95,99,32,25
2023-09-25,North,Product C,30703.31,72,23,18
2023-09-25,South,Product A,28184.0,105,33,27
2023-09-25,South,Product B,14723.9,77,25,20
2023-09-25,South,Product C,24808.22,59,19,14
2023-10-02,North,Product A,34085.520000000004,125,41,32
2023-10-02,North,Product B,17619.12,93,30,24
2023-10-02,North,Product C,30172.53,73,23,17
2023-10-02,South,Product A,28273.14,103,33,26
2023-10-02,South,Product B,14720.16,77,24,19
2023-10-02,South,Product C,22692.14,55,17,14
2023-10-09,North,Product A,33264.17,123,40,31
2023-10-09,North,Product B,18236.63,96,32,24
2023-10-09,North,Product C,29309.03,71,24,18
2023-10-09,South,Product A,28459.37,105,34,27
2023-10-09,South,Product B,14282.779999999999,74,25,20
2023-10-09,South,Product C,24048.1,58,19,14
2023-10-16,North,Product A,35119.79,130,43,33
2023-10-16,North,Product B,17482.170000000002,91,30,24
2023-10-16,North,Product C,28256.34,67,22,17
2023-10-16,South,Product A,29503.36,108,35,28
2023-10-16,South,Product B,14953.029999999999,78,26,19
2023-10-16,South,Product C,23875.47,56,19,15
2023-10-23,North,Product A,37007.1,136,44,34
2023-10-23,North,Product B,17809.01,92,30,23
2023-10-23,North,Product C,27967.82,67,21,16
2023-10-23,South,Product A,29678.510000000002,110,35,28
2023-10-23,South,Product B,14559.46,76,24,19
2023-10-23,South,Product C,25291.41,61,20,15
2023-10-30,North,Product A,35527.26,130,43,33
2023-10-30,North,Product B,18192.73,95,31,25
2023-10-30,North,Product C,30500.21,72,23,18
2023-10-30,South,Product A,27986.25,105,34,27
2023-10-30,South,Product B,15014.0,79,26,20
2023-10-30,South,Product C,24391.88,59,20,14
2023-11-06,North,Product A,33746.64,124,40,32
2023-11-06,North,Product B,18471.92,95,32,24
2023-11-06,North,Product C,27730.98,66,21,17
2023-11-06,South,Product A,27499.19,102,33,25
2023-11-06,South,Product B,15104.78,79,26,20
2023-11-06,South,Product C,22946.25,55,19,14
2023-11-13,North,Product A,33002.73,120,39,30
2023-11-13,North,Product B,17954.28,93,29,24
2023-11-13,North,Product C,27813.14,67,22,16
2023-11-13,South,Product A,28363.77,105,34,26
2023-11-13,South,Product B,15176.52,78,24,19
2023-11-13,South,Product C,23128.16,56,18,14
2023-11-20,North,Product A,36478.79,131,42,34
2023-11-20,North,Product B,18922.46,98,32,25
2023-11-20,North,Product C,30041.1,71,23,18
2023-11-20,South,Product A,27724.65,103,33,26
2023-11-20,South,Product B,14946.43,77,26,20
2023-11-20,South,Product C,24459.670000000002,58,19,15
2023-11-27,North,Product A,34103.28,124,41,31
2023-11-27,North,Product B,18043.14,95,29,24
2023-11-27,North,Product C,28773.17,69,23,18
2023-11-27,South,Product A,28156.72,105,32,26
2023-11-27,South,Product B,15045.35,78,25,20
2023-11-27,South,Product C,23241.37,56,18,14
2023-12-04,North,Product A,34515.9,125,41,32
2023-12-04,North,Product B,17327.61,90,29,23
2023-12-04,North,Product C,29679.19,70,22,18
2023-12-04,South,Product A,28778.670000000002,105,35,26
2023-12-04,South,Product B,14495.84,75,26,19
2023-12-04,South,Product C,24719.62,59,20,15
2023-12-11,North,Product A,35453.72,132,42,33
2023-12-11,North,Product B,18727.93,97,32,24
2023-12-11,North,Product C,28655.62,68,22,17
2023-12-11,South,Product A,28629.809999999998,104,34,26
2023-12-11,South,Product B,14254.3,74,24,18
2023-12-11,South,Product C,25340.23,59,20,15
2023-12-18,North,Product A,34309.83,125,41,32
2023-12-18,North,Product B,17428.48,90,29,23
2023-12-18,North,Product C,27899.129999999997,66,21,17
2023-12-18,South,Product A,29265.949999999997,106,34,27
2023-12-18,South,Product B,14719.27,77,26,18
2023-12-18,South,Product C,25233.96,59,19,15
2023-12-25,North,Product A,34038.02,124,40,32
2023-12-25,North,Product B,16917.99,89,28,22
2023-12-25,North,Product C,28507.55,68,22,16
2023-12-25,South,Product A,28167.63,103,33,26
2023-12-25,South,Product B,14766.88,75,24,19
2023-12-25,South,Product C,24081.219999999998,58,19,14
2024-01-01,North,Product A,35170.64,128,41,33
2024-01-01,North,Product B,17106.87,88,29,22
2024-01-01,North,Product C,29253.71,70,23,19
2024-01-01,South,Product A,28132.29,104,34,25
2024-01-01,South,Product B,14245.3,74,24,18
2024-01-01,South,Product C,22778.98,53,18,14
2024-01-08,North,Product A,34385.38,125,41,31
2024-01-08,North,Product B,17881.81,92,29,24
2024-01-08,North,Product C,30598.24,73,24,18
2024-01-08,South,Product A,28442.86,103,34,26
2024-01-08,South,Product B,14805.03,77,25,19
2024-01-08,South,Product C,23135.850000000002,55,17,14
2024-01-15,North,Product A,34026.32,125,40,31
2024-01-15,North,Product B,18795.030000000002,97,32,25
2024-01-15,North,Product C,28539.57,67,22,16
2024-01-15,South,Product A,28219.01,103,33,26
2024-01-15,South,Product B,14830.82,75,24,19
2024-01-15,South,Product C,24841.74,59,19,14
2024-01-22,North,Product A,33219.0,122,40,31
2024-01-22,North,Product B,17472.23,91,29,23
2024-01-22,North,Product C,28781.120000000003,69,22,17
2024-01-22,South,Product A,29130.15,107,34,26
2024-01-22,South,Product B,14189.78,75,24,19
2024-01-22,South,Product C,23527.72,57,19,14
2024-01-29,North,Product A,33366.560000000005,122,40,32
2024-01-29,North,Product B,18074.05,94,31,23
2024-01-29,North,Product C,30902.6,73,25,18
2024-01-29,South,Product A,27287.46,98,32,25
2024-01-29,South,Product B,15040.0,77,26,19
2024-01-29,South,Product C,24350.31,58,19,15
2024-02-05,North,Product A,36247.229999999996,135,43,34
2024-02-05,North,Product B,17410.91,90,28,22
2024-02-05,North,Product C,28769.76,69,21,17
2024-02-05,South,Product A,28476.94,103,33,26
2024-02-05,South,Product B,15113.31,78,25,20
2024-02-05,South,Product C,23554.06,56,18,14
2024-02-12,North,Product A,36219.08,132,43,35
2024-02-12,North,Product B,18089.01,94,31,24
2024-02-12,North,Product C,27336.68,65,22,18
2024-02-12,South,Product A,28353.86,104,33,26
2024-02-12,South,Product B,15746.119999999999,80,26,21
2024-02-12,South,Product C,24049.78,57,19,15
2024-02-19,North,Product A,34981.76,127,41,32
2024-02-19,North,Product B,18324.32,94,31,24
2024-02-19,North,Product C,30529.739999999998,72,23,18
2024-02-19,South,Product A,29039.34,105,33,27
2024-02-19,South,Product B,15249.33,79,26,21
2024-02-19,South,Product C,24363.73,57,20,14
2024-02-26,North,Product A,34263.36,125,41,32
2024-02-26,North,Product B,17919.72,93,30,22
2024-02-26,North,Product C,30092.61,72,23,18
2024-02-26,South,Product A,27844.55,102,34,25
2024-02-26,South,Product B,15086.859999999999,78,25,19
2024-02-26,South,Product C,26414.059999999998,63,20,15
2024-03-04,North,Product A,37099.76,134,43,34
2024-03-04,North,Product B,18300.65,94,31,24
2024-03-04,North,Product C,29174.5,68,22,16
2024-03-04,South,Product A,29020.08,105,34,27
2024-03-04,South,Product B,14689.81,76,26,19
2024-03-04,South,Product C,24679.15,59,19,15
2024-03-11,North,Product A,35350.55,128,42,33
2024-03-11,North,Product B,18535.68,97,31,25
2024-03-11,North,Product C,30430.04,73,24,18
2024-03-11,South,Product A,27905.29,102,33,26
2024-03-11,South,Product B,15829.3,82,27,21
2024-03-11,South,Product C,24712.87,58,19,15
2024-03-18,North,Product A,35397.47,128,41,31
2024-03-18,North,Product B,18013.33,93,30,23
2024-03-18,North,Product C,30273.02,72,22,18
2024-03-18,South,Product A,28582.059999999998,104,34,26
2024-03-18,South,Product B,15714.85,81,26,21
2024-03-18,South,Product C,24783.03,57,19,15
2024-03-25,North,Product A,35147.11,127,42,33
2024-03-25,North,Product B,18879.03,97,31,25
2024-03-25,North,Product C,29210.379999999997,69,23,17
2024-03-25,South,Product A,28658.9,104,34,27
2024-03-25,South,Product B,15717.220000000001,82,26,21
2024-03-25,South,Product C,24269.63,58,18,14
2024-04-01,North,Product A,36305.01,131,43,33
2024-04-01,North,Product B,18392.28,94,32,24
2024-04-01,North,Product C,31268.71,74,23,18
2024-04-01,South,Product A,31538.96,115,37,30
2024-04-01,South,Product B,15113.73,77,25,20
2024-04-01,South,Product C,24998.52,59,19,15
2024-04-08,North,Product A,35894.4,129,43,33
2024-04-08,North,Product B,19195.420000000002,99,32,25
2024-04-08,North,Product C,31718.89,75,25,19
2024-04-08,South,Product A,30130.73,109,36,28
2024-04-08,South,Product B,15179.79,79,25,20
2024-04-08,South,Product C,24542.02,58,19,15
2024-04-15,North,Product A,36811.57,134,43,35
2024-04-15,North,Product B,19615.05,101,32,26
2024-04-15,North,Product C,30083.19,70,23,18
2024-04-15,South,Product A,31386.559999999998,114,36,29
2024-04-15,South,Product B,14786.52,76,25,20
2024-04-15,South,Product C,24978.54,59,19,15
2024-04-22,North,Product A,36267.14,132,42,32
2024-04-22,North,Product B,19397.89,99,32,26
2024-04-22,North,Product C,29951.09,71,23,19
2024-04-22,South,Product A,29091.239999999998,108,35,27
2024-04-22,South,Product B,16744.53,86,28,22
2024-04-22,South,Product C,25569.72,60,20,16
2024-04-29,North,Product A,34774.299999999996,129,42,31
2024-04-29,North,Product B,19430.37,99,32,25
2024-04-29,North,Product C,30476.85,72,23,18
2024-04-29,South,Product A,27806.79,102,32,25
2024-04-29,South,Product B,15619.89,79,26,20
2024-04-29,South,Product C,24915.27,59,19,15
2024-05-06,North,Product A,37916.67,140,45,36
2024-05-06,North,Product B,19379.329999999998,101,32,24
2024-05-06,North,Product C,32089.53,75,25,20
2024-05-06,South,Product A,30168.66,108,35,28
2024-05-06,South,Product B,15788.279999999999,82,27,21
2024-05-06,South,Product C,26490.31,62,20,15
2024-05-13,North,Product A,35773.87,130,43,32
2024-05-13,North,Product B,18514.87,96,30,24
2024-05-13,North,Product C,31426.57,76,24,19
2024-05-13,South,Product A,31487.2,115,38,30
2024-05-13,South,Product B,15465.69,79,25,19
2024-05-13,South,Product C,25499.41,60,19,15
2024-05-20,North,Product A,37240.78,135,44,33
2024-05-20,North,Product B,19181.88,99,32,25
2024-05-20,North,Product C,32165.239999999998,76,25,20
2024-05-20,South,Product A,29137.75,105,33,26
2024-05-20,South,Product B,15832.82,81,26,21
2024-05-20,South,Product C,26283.52,62,21,15
2024-05-27,North,Product A,37951.31,137,45,35
2024-05-27,North,Product B,19077.71,98,32,25
2024-05-27,North,Product C,30885.25,73,24,18
2024-05-27,South,Product A,30093.78,108,35,28
2024-05-27,South,Product B,15722.98,81,26,21
2024-05-27,South,Product C,26029.95,62,19,15
2024-06-03,North,Product A,35261.44,128,42,32
2024-06-03,North,Product B,19448.25,101,32,25
2024-06-03,North,Product C,31849.98,76,24,19
2024-06-03,South,Product A,30861.8,112,35,29
2024-06-03,South,Product B,16667.39,86,27,22
2024-06-03,South,Product C,25536.88,60,20,15
2024-06-10,North,Product A,36565.19,132,43,33
2024-06-10,North,Product B,20172.28,104,35,25
2024-06-10,North,Product C,32630.81,78,25,18
2024-06-10,South,Product A,30299.23,110,36,28
2024-06-10,South,Product B,16102.42,83,27,22
2024-06-10,South,Product C,26904.39,64,20,16
2024-06-17,North,Product A,38564.22,140,44,36
2024-06-17,North,Product B,19339.41,99,31,26
2024-06-17,North,Product C,32346.34,75,25,18
2024-06-17,South,Product A,32148.5,117,38,29
2024-06-17,South,Product B,15845.0,81,27,21
2024-06-17,South,Product C,25978.93,61,20,16
2024-06-24,North,Product A,37128.06,134,43,34
2024-06-24,North,Product B,19905.23,102,33,26
2024-06-24,North,Product C,32188.77,76,24,20
2024-06-24,South,Product A,31581.050000000003,114,37,29
2024-06-24,South,Product B,15960.66,81,26,21
2024-06-24,South,Product C,25884.75,62,20,17
2024-07-01,North,Product A,39095.9,142,46,36
2024-07-01,North,Product B,20453.52,104,34,27
2024-07-01,North,Product C,31820.809999999998,75,25,19
2024-07-01,South,Product A,32522.01,117,39,29
2024-07-01,South,Product B,16809.53,87,28,22
2024-07-01,South,Product C,25934.37,61,19,15
2024-07-08,North,Product A,37448.979999999996,133,44,34
2024-07-08,North,Product B,20481.61,104,34,28
2024-07-08,North,Product C,31138.3,74,24,20
2024-07-08,South,Product A,31115.68,113,37,28
2024-07-08,South,Product B,16670.93,85,28,22
2024-07-08,South,Product C,26499.72,63,20,16
2024-07-15,North,Product A,38144.28,137,44,36
2024-07-15,North,Product B,20169.16,104,33,27
2024-07-15,North,Product C,30951.420000000002,73,24,19
2024-07-15,South,Product A,31621.690000000002,117,37,29
2024-07-15,South,Product B,16875.82,87,28,22
2024-07-15,South,Product C,24738.8,59,19,14
2024-07-22,North,Product A,38112.19,138,45,35
2024-07-22,North,Product B,19712.27,101,32,27
2024-07-22,North,Product C,31076.65,73,24,19
2024-07-22,South,Product A,31591.79,112,36,29
2024-07-22,South,Product B,16962.29,88,28,22
2024-07-22,South,Product C,27256.57,65,22,16
2024-07-29,North,Product A,38672.03,139,46,36
2024-07-29,North,Product B,20560.07,105,34,28
2024-07-29,North,Product C,32748.46,77,25,20
2024-07-29,South,Product A,31425.68,115,37,28
2024-07-29,South,Product B,17072.41,88,29,22
2024-07-29,South,Product C,25201.15,60,19,15
2024-08-05,North,Product A,37019.66,134,43,33
2024-08-05,North,Product B,19970.0,102,34,25
2024-08-05,North,Product C,32859.69,78,25,20
2024-08-05,South,Product A,31420.9,113,37,29
2024-08-05,South,Product B,16267.53,84,26,21
2024-08-05,South,Product C,27201.15,64,21,16
2024-08-12,North,Product A,37481.5,136,43,34
2024-08-12,North,Product B,20382.04,105,34,26
2024-08-12,North,Product C,33378.47,78,26,20
2024-08-12,South,Product A,30326.48,109,36,29
2024-08-12,South,Product B,16068.89,83,27,22
2024-08-12,South,Product C,26477.68,63,21,16
2024-08-19,North,Product A,38666.82,140,46,35
2024-08-19,North,Product B,19860.73,101,34,25
2024-08-19,North,Product C,32764.63,77,26,19
2024-08-19,South,Product A,31746.9,114,36,29
2024-08-19,South,Product B,16011.789999999999,81,26,21
2024-08-19,South,Product C,28082.61,66,21,17
2024-08-26,North,Product A,37831.21,136,45,35
2024-08-26,North,Product B,20648.08,106,35,26
2024-08-26,North,Product C,31409.66,73,23,18
2024-08-26,South,Product A,32272.64,118,39,30
2024-08-26,South,Product B,16834.739999999998,87,28,22
2024-08-26,South,Product C,28863.47,67,22,16
2024-09-02,North,Product A,38836.78,141,47,34
2024-09-02,North,Product B,19598.07,100,32,25
2024-09-02,North,Product C,31550.32,74,24,19
2024-09-02,South,Product A,31044.620000000003,113,37,28
2024-09-02,South,Product B,16528.9,84,28,22
2024-09-02,South,Product C,26165.31,62,21,15
2024-09-09,North,Product A,40888.36,148,47,37
2024-09-09,North,Product B,19441.940000000002,99,33,25
2024-09-09,North,Product C,32217.489999999998,76,25,19
2024-09-09,South,Product A,30072.49,108,36,27
2024-09-09,South,Product B,16966.74,86,28,21
2024-09-09,South,Product C,26189.510000000002,62,20,15
2024-09-16,North,Product A,39448.94,143,46,36
2024-09-16,North,Product B,20294.2,103,35,26
2024-09-16,North,Product C,30637.66,73,24,19
2024-09-16,South,Product A,31684.56,113,36,29
2024-09-16,South,Product B,15610.05,81,26,21
2024-09-16,South,Product C,26356.07,62,20,16
2024-09-23,North,Product A,39872.22,143,45,37
2024-09-23,North,Product B,20187.19,103,34,25
2024-09-23,North,Product C,33929.55,79,26,20
2024-09-23,South,Product A,31986.2,114,37,29
2024-09-23,South,Product B,16592.4,84,27,22
2024-09-23,South,Product C,24897.74,59,19,15
2024-09-30,North,Product A,37695.8,136,44,34
2024-09-30,North,Product B,20373.84,104,34,27
2024-09-30,North,Product C,31498.69,74,23,19
2024-09-30,South,Product A,31147.949999999997,110,36,29
2024-09-30,South,Product B,16974.9,86,28,22
2024-09-30,South,Product C,26632.22,61,21,16
2024-10-07,North,Product A,36875.66,134,43,34
2024-10-07,North,Product B,19891.29,103,33,26
2024-10-07,North,Product C,30622.870000000003,71,24,18
2024-10-07,South,Product A,32894.11,118,38,29
2024-10-07,South,Product B,17068.17,87,29,21
2024-10-07,South,Product C,26870.260000000002,62,20,16
2024-10-14,North,Product A,37692.22,136,44,35
2024-10-14,North,Product B,19219.66,98,32,26
2024-10-14,North,Product C,32567.489999999998,77,24,19
2024-10-14,South,Product A,30576.35,111,36,27
2024-10-14,South,Product B,15773.48,81,27,19
2024-10-14,South,Product C,26110.239999999998,62,20,16
2024-10-21,North,Product A,38800.49,139,46,36
2024-10-21,North,Product B,19664.79,101,32,25
2024-10-21,North,Product C,30912.58,71,24,18
2024-10-21,South,Product A,30005.06,107,35,28
2024-10-21,South,Product B,16763.83,86,28,21
2024-10-21,South,Product C,26826.91,63,20,16
2024-10-28,North,Product A,40505.24,146,47,38
2024-10-28,North,Product B,19808.15,102,32,26
2024-10-28,North,Product C,33279.69,77,25,20
2024-10-28,South,Product A,30504.92,110,36,28
2024-10-28,South,Product B,15997.13,82,27,20
2024-10-28,South,Product C,26052.74,60,20,16
2024-11-04,North,Product A,37723.27,135,43,34
2024-11-04,North,Product B,19601.73,100,32,26
2024-11-04,North,Product C,32458.85,76,25,19
2024-11-04,South,Product A,32310.39,116,38,30
2024-11-04,South,Product B,15272.33,79,26,20
2024-11-04,South,Product C,26377.14,62,21,15
2024-11-11,North,Product A,36113.630000000005,130,41,33
2024-11-11,North,Product B,20510.62,104,35,27
2024-11-11,North,Product C,31103.0,72,24,18
2024-11-11,South,Product A,32227.379999999997,115,37,28
2024-11-11,South,Product B,17201.53,87,29,22
2024-11-11,South,Product C,26529.35,63,21,16
2024-11-18,North,Product A,37834.5,136,44,34
2024-11-18,North,Product B,20539.76,105,34,26
2024-11-18,North,Product C,31376.690000000002,72,23,19
2024-11-18,South,Product A,31825.52,114,38,29
2024-11-18,South,Product B,16380.08,83,27,21
2024-11-18,South,Product C,24788.14,57,17,14
2024-11-25,North,Product A,36228.86,130,43,33
2024-11-25,North,Product B,20655.88,104,34,26
2024-11-25,North,Product C,31236.84,73,24,19
2024-11-25,South,Product A,31447.69,113,36,27
2024-11-25,South,Product B,16333.59,82,26,21
2024-11-25,South,Product C,25977.82,60,20,15
2024-12-02,North,Product A,38631.42,138,45,35
2024-12-02,North,Product B,19507.38,99,34,25
2024-12-02,North,Product C,32177.61,76,25,19
2024-12-02,South,Product A,30482.17,109,35,27
2024-12-02,South,Product B,16252.9,83,27,21
2024-12-02,South,Product C,27138.88,64,20,16
2024-12-09,North,Product A,35119.08,127,41,32
2024-12-09,North,Product B,19508.989999999998,97,32,25
2024-12-09,North,Product C,31627.940000000002,75,24,18
2024-12-09,South,Product A,29978.96,108,35,27
2024-12-09,South,Product B,15875.060000000001,81,26,20
2024-12-09,South,Product C,25565.9,60,18,14
2024-12-16,North,Product A,38418.91,138,45,34
2024-12-16,North,Product B,19058.09,97,32,26
2024-12-16,North,Product C,31616.510000000002,75,24,19
2024-12-16,South,Product A,32133.170000000002,115,37,28
2024-12-16,South,Product B,15934.22,80,25,19
2024-12-16,South,Product C,26239.690000000002,62,19,15
2024-12-23,North,Product A,37982.29,138,46,34
2024-12-23,North,Product B,19736.93,101,32,25
2024-12-23,North,Product C,32666.690000000002,77,25,19
2024-12-23,South,Product A,30541.46,110,35,28
2024-12-23,South,Product B,15792.82,81,26,19
2024-12-23,South,Product C,26445.7,61,20,16
2024-12-30,North,Product A,37786.28,134,43,33
2024-12-30,North,Product B,20408.22,103,33,26
2024-12-30,North,Product C,32000.03,76,25,18
2024-12-30,South,Product A,29414.46,106,34,27
2024-12-30,South,Product B,16404.12,84,27,22
2024-12-30,South,Product C,25698.05,59,19,15
2025-01-06,North,Product A,37598.51,136,44,35
2025-01-06,North,Product B,19404.61,98,31,27
2025-01-06,North,Product C,32253.730000000003,74,24,18
2025-01-06,South,Product A,30478.41,109,36,29
2025-01-06,South,Product B,15880.85,80,25,21
2025-01-06,South,Product C,25959.73,59,19,14
2025-01-13,North,Product A,37115.56,134,43,33
2025-01-13,North,Product B,20061.18,103,33,26
2025-01-13,North,Product C,31681.129999999997,74,24,19
2025-01-13,South,Product A,30634.37,110,35,28
2025-01-13,South,Product B,16417.67,85,28,21
2025-01-13,South,Product C,26713.07,62,20,15
2025-01-20,North,Product A,39257.36,142,45,36
2025-01-20,North,Product B,19384.07,98,31,25
2025-01-20,North,Product C,30627.25,71,22,19
2025-01-20,South,Product A,30852.059999999998,109,36,28
2025-01-20,South,Product B,16420.65,83,27,21
2025-01-20,South,Product C,26914.739999999998,61,20,15
2025-01-27,North,Product A,37309.9,134,43,35
2025-01-27,North,Product B,18887.49,96,32,25
2025-01-27,North,Product C,31732.19,73,24,18
2025-01-27,South,Product A,30517.64,110,36,28
2025-01-27,South,Product B,15784.810000000001,80,26,21
2025-01-27,South,Product C,25611.059999999998,60,19,15
2025-02-03,North,Product A,39125.55,141,45,35
2025-02-03,North,Product B,19165.129999999997,97,32,24
2025-02-03,North,Product C,31707.43,73,23,19
2025-02-03,South,Product A,31563.54,111,36,28
2025-02-03,South,Product B,17214.31,88,28,22
2025-02-03,South,Product C,26062.42,61,20,16
2025-02-10,North,Product A,38570.99,139,45,35
2025-02-10,North,Product B,18916.76,95,32,23
2025-02-10,North,Product C,32334.760000000002,75,24,19
2025-02-10,South,Product A,31289.57,113,37,29
2025-02-10,South,Product B,16394.92,83,27,23
2025-02-10,South,Product C,26095.8,62,20,15
2025-02-17,North,Product A,38241.61,137,44,35
2025-02-17,North,Product B,20266.940000000002,102,34,27
2025-02-17,North,Product C,32129.6,76,24,19
2025-02-17,South,Product A,31769.86,113,37,28
2025-02-17,South,Product B,16884.08,84,28,22
2025-02-17,South,Product C,28609.71,67,21,16
2025-02-24,North,Product A,38970.380000000005,140,46,36
2025-02-24,North,Product B,19191.559999999998,98,32,25
2025-02-24,North,Product C,32525.14,76,25,20
2025-02-24,South,Product A,30573.1,110,35,28
2025-02-24,South,Product B,17099.62,87,29,22
2025-02-24,South,Product C,25849.86,61,19,15
2025-03-03,North,Product A,38579.15,139,46,34
2025-03-03,North,Product B,19990.04,101,33,26
2025-03-03,North,Product C,31750.97,74,24,20
2025-03-03,South,Product A,30675.280000000002,111,36,27
2025-03-03,South,Product B,16587.77,84,27,21
2025-03-03,South,Product C,26614.4,61,20,16
2025-03-10,North,Product A,40106.24,144,47,36
2025-03-10,North,Product B,21125.03,108,34,28
2025-03-10,North,Product C,31841.05,74,25,19
2025-03-10,South,Product A,31754.54,112,36,28
2025-03-10,South,Product B,16714.81,84,27,22
2025-03-10,South,Product C,27863.04,65,20,16
2025-03-17,North,Product A,40340.71,142,47,34
2025-03-17,North,Product B,19427.98,97,32,25
2025-03-17,North,Product C,33067.01,76,25,20
2025-03-17,South,Product A,31634.0,114,37,28
2025-03-17,South,Product B,17434.54,88,28,22
2025-03-17,South,Product C,26351.0,61,20,15
2025-03-24,North,Product A,38238.090000000004,137,45,36
2025-03-24,North,Product B,20879.14,105,34,26
2025-03-24,North,Product C,33472.57,79,26,20
2025-03-24,South,Product A,33536.8,120,38,30
2025-03-24,South,Product B,15728.3,79,25,21
2025-03-24,South,Product C,26918.53,63,20,16
2025-03-31,North,Product A,39104.26,139,45,35
2025-03-31,North,Product B,19931.17,101,33,25
2025-03-31,North,Product C,32959.84,76,25,20
2025-03-31,South,Product A,30949.6,110,36,28
2025-03-31,South,Product B,17310.01,88,29,23
2025-03-31,South,Product C,26420.28,61,20,16
2025-04-07,North,Product A,39889.18,143,46,36
2025-04-07,North,Product B,19714.21,100,33,25
2025-04-07,North,Product C,34019.659999999996,80,25,21
2025-04-07,South,Product A,31885.46,115,37,30
2025-04-07,South,Product B,16846.31,85,27,22
2025-04-07,South,Product C,28823.65,67,22,17
2025-04-14,North,Product A,40322.45,143,46,37
2025-04-14,North,Product B,21153.22,107,35,28
2025-04-14,North,Product C,32335.84,75,24,19
2025-04-14,South,Product A,32291.14,115,38,30
2025-04-14,South,Product B,17410.97,87,28,23
2025-04-14,South,Product C,26708.440000000002,63,21,16
2025-04-21,North,Product A,38917.64,140,46,36
2025-04-21,North,Product B,20652.42,103,33,26
2025-04-21,North,Product C,32703.64,76,24,19
2025-04-21,South,Product A,31867.91,113,37,28
2025-04-21,South,Product B,16249.52,82,26,20
2025-04-21,South,Product C,28706.64,65,22,17
2025-04-28,North,Product A,40206.340000000004,144,47,36
2025-04-28,North,Product B,21778.42,111,37,27
2025-04-28,North,Product C,35295.61,82,26,21
2025-04-28,South,Product A,30678.86,108,35,26
2025-04-28,South,Product B,17218.41,87,27,22
2025-04-28,South,Product C,27891.85,65,21,17
2025-05-05,North,Product A,40027.72,144,46,35
2025-05-05,North,Product B,20833.97,105,34,27
2025-05-05,North,Product C,34208.36,79,25,20
2025-05-05,South,Product A,31515.940000000002,111,35,27
2025-05-05,South,Product B,17577.24,89,29,22
2025-05-05,South,Product C,26651.9,61,19,16
2025-05-12,North,Product A,40539.05,145,47,36
2025-05-12,North,Product B,21123.18,106,34,27
2025-05-12,North,Product C,34453.27,79,26,20
2025-05-12,South,Product A,32812.63,119,39,30
2025-05-12,South,Product B,17457.2,88,29,23
2025-05-12,South,Product C,28610.52,67,21,16
2025-05-19,North,Product A,40336.1,144,47,36
2025-05-19,North,Product B,20764.010000000002,105,34,28
2025-05-19,North,Product C,33776.91,79,26,19
2025-05-19,South,Product A,35267.44,124,40,31
2025-05-19,South,Product B,16529.93,85,27,21
2025-05-19,South,Product C,28427.32,66,21,16
2025-05-26,North,Product A,41897.27,148,48,37
2025-05-26,North,Product B,22041.79,112,37,28
2025-05-26,North,Product C,35108.95,82,27,20
2025-05-26,South,Product A,32772.9,116,38,29
2025-05-26,South,Product B,17014.7,87,28,22
2025-05-26,South,Product C,29035.95,66,21,17
2025-06-02,North,Product A,40024.5,141,46,36
2025-06-02,North,Product B,20004.65,101,33,26
2025-06-02,North,Product C,34418.38,78,26,20
2025-06-02,South,Product A,35011.72,124,41,32
2025-06-02,South,Product B,17504.11,89,29,23
2025-06-02,South,Product C,28289.31,66,22,17
2025-06-09,North,Product A,41442.8,147,49,37
2025-06-09,North,Product B,20372.02,103,33,27
2025-06-09,North,Product C,35234.8,81,26,21
2025-06-09,South,Product A,35678.35,125,40,32
2025-06-09,South,Product B,17478.190000000002,88,29,22
2025-06-09,South,Product C,28251.6,65,21,17
2025-06-16,North,Product A,38990.68,140,45,34
2025-06-16,North,Product B,21258.420000000002,107,35,27
2025-06-16,North,Product C,35371.13,82,27,22
2025-06-16,South,Product A,33530.1,120,39,30
2025-06-16,South,Product B,17549.06,90,30,23
2025-06-16,South,Product C,28995.21,67,22,16
2025-06-23,North,Product A,40325.12,145,47,37
2025-06-23,North,Product B,21531.43,108,34,27
2025-06-23,North,Product C,35433.71,82,28,21
2025-06-23,South,Product A,33833.71,120,39,31
2025-06-23,South,Product B,17875.34,89,29,23
2025-06-23,South,Product C,28932.84,66,21,16
2025-06-30,North,Product A,41304.51,147,48,37
2025-06-30,North,Product B,21952.25,111,36,28
2025-06-30,North,Product C,34225.37,80,26,20
2025-06-30,South,Product A,34272.479999999996,121,38,31
2025-06-30,South,Product B,18179.31,92,29,23
2025-06-30,South,Product C,30107.809999999998,69,23,17
2025-07-07,North,Product A,41036.56,146,48,37
2025-07-07,North,Product B,22102.32,111,35,28
2025-07-07,North,Product C,34701.89,81,27,20
2025-07-07,South,Product A,32761.56,116,38,29
2025-07-07,South,Product B,17590.28,89,29,23
2025-07-07,South,Product C,27772.82,65,21,15
2025-07-14,North,Product A,40567.4,145,46,36
2025-07-14,North,Product B,21806.29,109,36,28
2025-07-14,North,Product C,35565.8,82,26,21
2025-07-14,South,Product A,34499.17,124,40,31
2025-07-14,South,Product B,18698.78,95,32,23
2025-07-14,South,Product C,28882.66,67,22,18
2025-07-21,North,Product A,42677.69,150,49,38
2025-07-21,North,Product B,21993.68,111,36,27
2025-07-21,North,Product C,34707.56,80,26,21
2025-07-21,South,Product A,35228.01,126,42,32
2025-07-21,South,Product B,17091.37,86,28,21
2025-07-21,South,Product C,28262.89,67,21,17
2025-07-28,North,Product A,40750.58,144,47,36
2025-07-28,North,Product B,22342.91,113,38,29
2025-07-28,North,Product C,35544.92,82,26,22
2025-07-28,South,Product A,37349.45,131,43,33
2025-07-28,South,Product B,18683.36,95,31,24
2025-07-28,South,Product C,29094.72,67,22,16
2025-08-04,North,Product A,41552.48,147,47,37
2025-08-04,North,Product B,21978.32,111,37,28
2025-08-04,North,Product C,33644.92,78,26,20
2025-08-04,South,Product A,33990.13,120,39,30
2025-08-04,South,Product B,17629.55,88,28,23
2025-08-04,South,Product C,28058.260000000002,64,20,15
2025-08-11,North,Product A,41097.67,146,48,37
2025-08-11,North,Product B,21359.8,107,35,28
2025-08-11,North,Product C,37024.07,85,27,22
2025-08-11,South,Product A,34961.89,123,39,30
2025-08-11,South,Product B,17946.89,90,30,23
2025-08-11,South,Product C,28636.97,66,22,18
2025-08-18,North,Product A,42885.22,150,49,38
2025-08-18,North,Product B,21317.37,108,36,27
2025-08-18,North,Product C,33623.78,78,26,20
2025-08-18,South,Product A,33058.13,117,38,31
2025-08-18,South,Product B,17763.65,88,29,23
2025-08-18,South,Product C,27622.74,65,21,15
2025-08-25,North,Product A,40830.16,145,47,37
2025-08-25,North,Product B,21148.32,106,35,28
2025-08-25,North,Product C,35862.89,82,27,21
2025-08-25,South,Product A,33355.29,116,39,31
2025-08-25,South,Product B,17965.13,90,29,24
2025-08-25,South,Product C,29383.83,67,22,17
2025-09-01,North,Product A,41595.03,145,47,36
2025-09-01,North,Product B,22117.31,111,36,27
2025-09-01,North,Product C,36430.5,82,26,22
2025-09-01,South,Product A,34376.59,120,40,30
2025-09-01,South,Product B,18443.01,91,30,23
2025-09-01,South,Product C,27974.21,64,22,16
2025-09-08,North,Product A,40137.009999999995,144,47,37
2025-09-08,North,Product B,21347.75,106,35,28
2025-09-08,North,Product C,34770.56,80,25,20
2025-09-08,South,Product A,34929.13,123,40,30
2025-09-08,South,Product B,17989.52,90,30,24
2025-09-08,South,Product C,29731.62,68,22,17
2025-09-15,North,Product A,42792.41,152,50,40
2025-09-15,North,Product B,20260.32,101,33,26
2025-09-15,North,Product C,35211.19,82,26,20
2025-09-15,South,Product A,34662.71,120,38,30
2025-09-15,South,Product B,18152.39,91,30,22
2025-09-15,South,Product C,28607.83,66,22,17
2025-09-22,North,Product A,41445.67,146,48,37
2025-09-22,North,Product B,20715.49,102,33,26
2025-09-22,North,Product C,37215.97,85,27,20
2025-09-22,South,Product A,34188.159999999996,121,40,30
2025-09-22,South,Product B,17968.33,90,30,24
2025-09-22,South,Product C,28171.940000000002,64,20,16
2025-09-29,North,Product A,41188.42,144,46,35
2025-09-29,North,Product B,21777.67,107,35,28
2025-09-29,North,Product C,35991.72,83,26,20
2025-09-29,South,Product A,34219.02,119,39,30
2025-09-29,South,Product B,18116.800000000003,91,29,23
2025-09-29,South,Product C,29755.59,69,22,18
2025-10-06,North,Product A,43552.630000000005,153,50,40
2025-10-06,North,Product B,21402.29,107,34,26
2025-10-06,North,Product C,34682.3,80,26,19
2025-10-06,South,Product A,33395.89,118,38,30
2025-10-06,South,Product B,18157.86,91,29,23
2025-10-06,South,Product C,28942.9,66,22,17
2025-10-13,North,Product A,42496.59,149,48,37
2025-10-13,North,Product B,22128.92,112,35,29
2025-10-13,North,Product C,34947.38,81,26,21
2025-10-13,South,Product A,32039.21,113,36,28
2025-10-13,South,Product B,17998.89,90,29,24
2025-10-13,South,Product C,30680.88,69,22,17
2025-10-20,North,Product A,40813.99,143,46,36
2025-10-20,North,Product B,22048.55,109,35,29
2025-10-20,North,Product C,33431.57,77,25,20
2025-10-20,South,Product A,33031.36,117,38,29
2025-10-20,South,Product B,17656.8,88,30,21
2025-10-20,South,Product C,29458.71,68,22,18
2025-10-27,North,Product A,40509.729999999996,142,47,37
2025-10-27,North,Product B,21971.77,111,36,27
2025-10-27,North,Product C,34643.45,78,26,20
2025-10-27,South,Product A,33233.61,118,38,30
2025-10-27,South,Product B,16810.15,85,28,21
2025-10-27,South,Product C,28843.99,66,22,18
2025-11-03,North,Product A,42479.81,149,48,37
2025-11-03,North,Product B,21877.129999999997,110,35,28
2025-11-03,North,Product C,33261.36,77,25,20
2025-11-03,South,Product A,33464.119999999995,119,38,30
2025-11-03,South,Product B,17056.52,85,28,23
2025-11-03,South,Product C,29499.18,68,21,17
2025-11-10,North,Product A,40595.07,142,47,37
2025-11-10,North,Product B,21877.68,109,35,28
2025-11-10,North,Product C,34658.840000000004,80,26,20
2025-11-10,South,Product A,35965.17,126,41,31
2025-11-10,South,Product B,18231.21,93,31,23
2025-11-10,South,Product C,28434.92,65,21,16
2025-11-17,North,Product A,41274.909999999996,145,47,37
2025-11-17,North,Product B,20224.059999999998,100,33,26
2025-11-17,North,Product C,35585.39,82,26,22
2025-11-17,South,Product A,34284.47,123,40,31
2025-11-17,South,Product B,16694.9,83,27,21
2025-11-17,South,Product C,28068.45,65,21,16
2025-11-24,North,Product A,40123.68,141,46,36
2025-11-24,North,Product B,21797.34,109,35,28
2025-11-24,North,Product C,34974.56,81,26,20
2025-11-24,South,Product A,33947.19,119,39,29
2025-11-24,South,Product B,16901.24,84,27,21
2025-11-24,South,Product C,27346.43,62,21,17
2025-12-01,North,Product A,41358.66,145,47,37
2025-12-01,North,Product B,21197.59,105,34,26
2025-12-01,North,Product C,33867.16,77,25,20
2025-12-01,South,Product A,33371.41,116,37,29
2025-12-01,South,Product B,17097.93,87,27,22
2025-12-01,South,Product C,26961.53,62,21,16
2025-12-08,North,Product A,41003.19,143,46,37
2025-12-08,North,Product B,21083.2,105,33,26
2025-12-08,North,Product C,33805.34,78,26,19
2025-12-08,South,Product A,33429.63,118,38,28
2025-12-08,South,Product B,17836.78,89,29,23
2025-12-08,South,Product C,27832.36,63,21,15
2025-12-15,North,Product A,40714.53,143,46,37
2025-12-15,North,Product B,21601.760000000002,109,36,28
2025-12-15,North,Product C,33560.68,76,26,20
2025-12-15,South,Product A,32209.33,116,39,30
2025-12-15,South,Product B,17183.48,85,29,22
2025-12-15,South,Product C,28690.670000000002,67,22,17
2025-12-22,North,Product A,41256.68,146,47,36
2025-12-22,North,Product B,21497.67,107,35,27
2025-12-22,North,Product C,35545.19,81,26,20
2025-12-22,South,Product A,31252.01,111,36,29
2025-12-22,South,Product B,17148.239999999998,86,28,22
2025-12-22,South,Product C,30440.22,68,23,17
2025-12-29,North,Product A,41218.72,145,48,36
2025-12-29,North,Product B,22609.39,112,36,29
2025-12-29,North,Product C,34983.340000000004,79,27,19
2025-12-29,South,Product A,33736.63,118,40,31
2025-12-29,South,Product B,17343.05,85,28,22
2025-12-29,South,Product C,27955.43,63,21,15
2026-01-05,North,Product A,43336.07,151,50,38
2026-01-05,North,Product B,21787.94,109,35,28
2026-01-05,North,Product C,33698.16,77,24,20
2026-01-05,South,Product A,33277.75,118,38,30
2026-01-05,South,Product B,17688.940000000002,87,28,22
2026-01-05,South,Product C,28387.440000000002,65,20,15
2026-01-12,North,Product A,41677.34,146,47,36
2026-01-12,North,Product B,21666.18,108,35,27
2026-01-12,North,Product C,34647.11,79,26,20
2026-01-12,South,Product A,33268.15,119,39,29
2026-01-12,South,Product B,18371.29,93,30,23
2026-01-12,South,Product C,28746.850000000002,65,21,16
2026-01-19,North,Product A,39746.19,141,45,36
2026-01-19,North,Product B,21315.08,107,35,26
2026-01-19,North,Product C,34413.45,78,25,19
2026-01-19,South,Product A,31452.14,111,36,28
2026-01-19,South,Product B,16491.19,83,27,21
2026-01-19,South,Product C,28391.54,65,21,17
2026-01-26,North,Product A,40631.27,142,46,36
2026-01-26,North,Product B,21596.329999999998,107,35,27
2026-01-26,North,Product C,33674.409999999996,77,24,19
2026-01-26,South,Product A,33801.91,119,38,29
2026-01-26,South,Product B,18005.03,90,29,22
2026-01-26,South,Product C,27752.68,64,21,16
2026-02-02,North,Product A,40242.15,141,46,36
2026-02-02,North,Product B,22161.670000000002,109,35,29
2026-02-02,North,Product C,33564.73,77,25,20
2026-02-02,South,Product A,34891.63,124,40,32
2026-02-02,South,Product B,17248.690000000002,86,29,22
2026-02-02,South,Product C,29759.739999999998,67,22,18
2026-02-09,North,Product A,39184.840000000004,137,44,34
2026-02-09,North,Product B,21339.02,106,33,28
2026-02-09,North,Product C,36798.01,83,27,22
2026-02-09,South,Product A,33273.58,116,37,28
2026-02-09,South,Product B,18408.21,90,30,22
2026-02-09,South,Product C,28108.22,64,21,15
2026-02-16,North,Product A,41870.46,147,48,37
2026-02-16,North,Product B,21036.28,104,34,26
2026-02-16,North,Product C,34742.95,78,26,19
2026-02-16,South,Product A,34441.58,120,40,31
2026-02-16,South,Product B,18225.33,90,29,23
2026-02-16,South,Product C,27905.89,65,20,17
2026-02-23,North,Product A,41648.83,145,47,37
2026-02-23,North,Product B,22176.94,109,36,28
2026-02-23,North,Product C,34244.22,78,25,19
2026-02-23,South,Product A,34086.51,119,38,31
2026-02-23,South,Product B,17413.93,87,29,22
2026-02-23,South,Product C,28280.77,64,21,17
2026-03-02,North,Product A,43193.13,153,49,39
2026-03-02,North,Product B,20482.38,103,32,25
2026-03-02,North,Product C,37175.22,84,27,22
2026-03-02,South,Product A,34427.82,120,39,29
2026-03-02,South,Product B,17351.829999999998,86,28,22
2026-03-02,South,Product C,29249.489999999998,66,22,18
2026-03-09,North,Product A,42943.47,149,48,38
2026-03-09,North,Product B,22576.65,112,36,28
2026-03-09,North,Product C,36001.55,83,27,21
2026-03-09,South,Product A,34233.7,121,39,31
2026-03-09,South,Product B,17418.59,86,28,22
2026-03-09,South,Product C,28779.61,66,20,16
2026-03-16,North,Product A,38257.85,137,44,33
2026-03-16,North,Product B,21139.17,105,34,26
2026-03-16,North,Product C,35134.12,80,27,20
2026-03-16,South,Product A,34540.03,122,40,30
2026-03-16,South,Product B,17660.16,86,28,22
2026-03-16,South,Product C,31302.31,71,22,19
2026-03-23,North,Product A,42220.76,146,47,36
2026-03-23,North,Product B,21692.09,108,35,28
2026-03-23,North,Product C,34847.240000000005,80,26,21
2026-03-23,South,Product A,35459.119999999995,124,41,31
2026-03-23,South,Product B,18071.14,90,29,22
2026-03-23,South,Product C,28388.28,64,21,16
2026-03-30,North,Product A,41877.590000000004,147,48,36
2026-03-30,North,Product B,22205.93,108,35,27
2026-03-30,North,Product C,37050.59,85,27,22
2026-03-30,South,Product A,36580.11,128,42,33
2026-03-30,South,Product B,18918.71,94,31,24
2026-03-30,South,Product C,29577.51,67,22,17
2026-04-06,North,Product A,34318.11,121,40,31
2026-04-06,North,Product B,19318.69,97,31,24
2026-04-06,North,Product C,31741.95,72,23,19
2026-04-06,South,Product A,33253.68,115,37,31
2026-04-06,South,Product B,18300.88,90,30,23
2026-04-06,South,Product C,31055.39,69,23,17
2026-04-13,North,Product A,32863.21,116,38,29
2026-04-13,North,Product B,18809.579999999998,94,30,25
2026-04-13,North,Product C,33079.76,74,25,18
2026-04-13,South,Product A,36849.24,128,43,33
2026-04-13,South,Product B,18676.739999999998,91,30,23
2026-04-13,South,Product C,30261.89,68,23,17
2026-04-20,North,Product A,32792.39,116,38,29
2026-04-20,North,Product B,17516.66,87,28,22
2026-04-20,North,Product C,27969.809999999998,64,21,16
2026-04-20,South,Product A,35586.67,123,40,32
2026-04-20,South,Product B,17989.15,89,30,22
2026-04-20,South,Product C,30364.17,70,23,18
2026-04-27,North,Product A,30645.73,107,35,28
2026-04-27,North,Product B,17613.6,87,28,23
2026-04-27,North,Product C,26673.24,60,21,15
2026-04-27,South,Product A,35916.87,126,40,32
2026-04-27,South,Product B,18340.45,92,30,24
2026-04-27,South,Product C,29611.32,67,22,16
2026-05-04,North,Product A,16352.869999999999,58,19,14
2026-05-04,North,Product B,16717.47,85,28,21
2026-05-04,North,Product C,26540.010000000002,62,19,15
2026-05-04,South,Product A,21161.32,73,25,19
2026-05-04,South,Product B,18266.120000000003,91,30,24
2026-05-04,South,Product C,29171.58,66,21,17
2026-05-11,North,Product A,15577.75,55,17,14
2026-05-11,North,Product B,15512.58,77,24,20
2026-05-11,North,Product C,23715.37,55,18,14
2026-05-11,South,Product A,21362.08,73,24,19
2026-05-11,South,Product B,19174.93,96,31,24
2026-05-11,South,Product C,30276.34,69,23,19
2026-05-18,North,Product A,13873.779999999999,49,16,12
2026-05-18,North,Product B,14290.119999999999,71,24,18
2026-05-18,North,Product C,22483.92,51,17,14
2026-05-18,South,Product A,21238.05,75,24,18
2026-05-18,South,Product B,18444.2,90,29,23
2026-05-18,South,Product C,32228.91,73,25,19
2026-05-25,North,Product A,12613.52,45,14,11
2026-05-25,North,Product B,13957.82,69,23,17
2026-05-25,North,Product C,23157.399999999998,54,17,13
2026-05-25,South,Product A,21414.55,75,24,19
2026-05-25,South,Product B,18498.989999999998,91,30,23
2026-05-25,South,Product C,30992.02,70,23,19
2026-06-01,North,Product A,11644.36,41,14,10
2026-06-01,North,Product B,13061.869999999999,66,22,17
2026-06-01,North,Product C,22112.94,52,17,13
2026-06-01,South,Product A,22141.96,77,25,20
2026-06-01,South,Product B,19087.85,94,30,24
2026-06-01,South,Product C,32114.3,73,23,19
2026-06-08,North,Product A,12162.59,43,14,10
2026-06-08,North,Product B,13635.52,69,22,19
2026-06-08,North,Product C,20855.59,48,15,12
2026-06-08,South,Product A,22054.07,77,26,19
2026-06-08,South,Product B,18338.440000000002,90,29,23
2026-06-08,South,Product C,31597.48,71,22,17
2026-06-15,North,Product A,12005.27,43,14,10
2026-06-15,North,Product B,13440.51,67,22,17
2026-06-15,North,Product C,21474.29,49,15,13
2026-06-15,South,Product A,22143.21,77,25,19
2026-06-15,South,Product B,20668.21,102,32,26
2026-06-15,South,Product C,30337.03,68,23,17
2026-06-22,North,Product A,12098.05,43,14,10
2026-06-22,North,Product B,14298.470000000001,72,23,18
2026-06-22,North,Product C,20496.879999999997,48,16,11
2026-06-22,South,Product A,21460.9,75,25,19
2026-06-22,South,Product B,18247.920000000002,89,29,22
2026-06-22,South,Product C,31338.920000000002,71,24,18
2026-06-29,North,Product A,21851.61,77,24,20
2026-06-29,North,Product B,13115.98,66,22,16
2026-06-29,North,Product C,22267.96,51,18,13
2026-06-29,South,Product A,35603.62,123,40,33
2026-06-29,South,Product B,19177.22,94,31,24
2026-06-29,South,Product C,31865.45,72,24,18
